{"cameraMode":{"drawMode":0,"name":"Shaded","section":"Shading Mode"},"sceneLighting":true,"audioPlay":false,"sceneViewState":{"m_AlwaysRefresh":false,"showFog":true,"showSkybox":true,"showFlares":true,"showImageEffects":true,"showParticleSystems":true,"showVisualEffectGraphs":true,"m_FxEnabled":true},"in2DMode":false,"pivot":{"x":-7.129512310028076,"y":2.411733865737915,"z":18.004047393798829},"rotation":{"x":0.0641714558005333,"y":-0.0032821083441376688,"z":0.00022484877263195813,"w":0.9980337619781494},"size":21.258224487304689,"orthographic":false}